user_id,as_of_date,current_streak_days,longest_streak_days,breaks_last_30_days,recoveries_last_30_days
u_001,2026-07-24,12,18,0,1
u_002,2026-07-24,0,4,3,0
u_003,2026-07-24,8,10,1,1
u_004,2026-07-24,1,3,2,1
u_005,2026-07-24,16,20,0,0
u_006,2026-07-24,9,12,1,1
u_007,2026-07-24,0,2,4,0
u_008,2026-07-24,11,14,1,2
u_009,2026-07-24,0,3,3,0
u_010,2026-07-24,7,9,1,1
u_011,2026-07-24,6,8,1,1
u_012,2026-07-24,1,2,3,0
